{
    "_id": {
        "$oid": "516ddd5430041f04ea18f8ff"
    },
    "form": [
        {
            "text-field": {
                "id": "hospitalnumber",
                "default-text": "00000001",
                "name": "Hospital Number",
                "input-type": "number"
            }
        },
        {
            "text-field": {
                "id": "week",
                "default-text": "",
                "name": "Week",
                "input-type": "text"
            }
        },
        {
            "text-field": {
                "id": "weight",
                "default-text": "",
                "name": "Weight (kg)",
                "input-type": "number"
            }
        },
        {
            "text-field": {
                "id": "height",
                "default-text": "",
                "name": "Height (cm)",
                "input-type": "number"
            }
        },
        {
            "radio-group": {
                "id": "appetite",
                "name": "Appetite",
                "options": [
                    "Normal for Patient(0)",
                    "Reduced(3)",
                    "Minimal(5)"
                ]
            }
        },
        {
            "radio-group": {
                "id": "neurological",
                "name": "Neurological/Psychological Status",
                "options": [
                    "Fully Oriented(0)",
                    "Confused(3)",
                    "Unconscious(5)"
                ]
            }
        },
        {
            "radio-group": {
                "id": "physical-appearence",
                "name": "Physical Appearence",
                "options": [
                    "Appears appropriate weight or overweight(0)",
                    "Appears thin(2)",
                    "Appears emaciated(4)"
                ]
            }
        },
        {
            "radio-group": {
                "id": "No weight loss(0),Gradual over several months(2),Rapid over several weeks(5),Unable to score(2)",
                "name": "Weight Loss",
                "options": [
                    "No weight loss(0)",
                    "Gradual over several months(2)",
                    "Rapid over several weeks(5)",
                    "Unable to score(2)"
                ]
            }
        },
        {
            "radio-group": {
                "id": "intake",
                "name": "Intake",
                "options": [
                    "Manages most of 3 meals a day or equiavlent(0)",
                    "Poor intake leaving > half meals offered(3)",
                    "Receiving parenteral or enteral nutrition(3)"
                ]
            }
        }
    ],
    "name": "nst_form"
}